type,entry_time,exit_time,entry_price,exit_price,qty,gross_pnl,commission,net_pnl,equity,peak,drawdown
Long,31-10-2024 15:45,01-11-2024 15:00,70743.2,71234.5,0.070678171,34.7241855,2.006944837,32.71724067,10032.71724,10032.71724,0
Short,01-11-2024 15:00,02-11-2024 15:45,71234.5,69230.7,0.070420353,141.1083029,1.978321788,139.1299811,10171.84722,10171.84722,0
Long,02-11-2024 15:45,05-11-2024 15:45,69230.7,69666.2,0.073463415,31.99331702,2.040768108,29.95254891,10201.79977,10201.79977,0
Short,05-11-2024 15:45,09-11-2024 18:00,69666.2,76245.3,0.073219149,-481.7161039,2.136703175,-483.852807,9717.946964,10201.79977,-0.047428181
Long,09-11-2024 18:00,10-11-2024 06:45,76245.3,78834.8,0.063728171,165.0240976,1.976594212,163.0475034,9880.994467,10201.79977,-0.031445952
Short,10-11-2024 06:45,16-11-2024 16:30,78834.8,90722.2,0.062668989,-744.9713428,2.125193162,-747.0965359,9133.897931,10201.79977,-0.104677789
Long,16-11-2024 16:30,19-11-2024 19:30,90722.2,93780,0.050339927,153.9294301,1.857565472,152.0718647,9285.969796,10201.79977,-0.089771412
Short,19-11-2024 19:30,22-11-2024 14:15,93780,98150.1,0.049509329,-216.3607198,1.900466103,-218.2611859,9067.70861,10201.79977,-0.111165793
Long,22-11-2024 14:15,27-11-2024 16:30,98150.1,95976.6,0.046193069,-100.4006347,1.793461595,-102.1940963,8965.514514,10201.79977,-0.121183054
Short,27-11-2024 16:30,01-12-2024 03:45,95976.6,96425.6,0.046706773,-20.97134102,1.797297171,-22.76863819,8942.745875,10201.79977,-0.12341488
Long,01-12-2024 03:45,02-12-2024 02:15,96425.6,97971.8,0.046371222,71.699184,1.802889012,69.89629498,9012.64217,10201.79977,-0.116563511
Short,02-12-2024 02:15,02-12-2024 09:45,97971.8,95249.7,0.045996104,125.2059942,1.777487235,123.428507,9136.070677,10201.79977,-0.104464812
Long,02-12-2024 09:45,04-12-2024 06:45,95249.7,96718.5,0.047958527,70.44148491,1.841302432,68.60018248,9204.67086,10201.79977,-0.09774049
Short,04-12-2024 06:45,05-12-2024 21:00,96718.5,99160.1,0.047584851,-116.1831727,1.864170807,-118.0473435,9086.623516,10201.79977,-0.109311717
Long,05-12-2024 21:00,06-12-2024 15:45,99160.1,99311.8,0.045817942,6.950581874,1.81871482,5.131867055,9091.755383,10201.79977,-0.108808682
Short,06-12-2024 15:45,08-12-2024 09:45,99311.8,99127.9,0.045773792,8.417800377,1.816667517,6.601132861,9098.356516,10201.79977,-0.108161626
Long,08-12-2024 09:45,09-12-2024 00:45,99127.9,99708.6,0.045892007,26.64948833,1.825001201,24.82448713,9123.181003,10201.79977,-0.105728282
Short,09-12-2024 00:45,10-12-2024 17:15,99708.6,95316,0.045749218,200.958016,1.784444597,199.1735714,9322.354575,10201.79977,-0.086204907
Long,10-12-2024 17:15,11-12-2024 17:15,95316,100902,0.048902359,273.1685795,1.919104631,271.2494749,9593.60405,10201.79977,-0.059616512
Short,11-12-2024 17:15,18-12-2024 21:45,100902,101388.1,0.047539217,-23.10881315,1.923342573,-25.03215572,9568.571894,10201.79977,-0.062070212
Long,18-12-2024 21:45,21-12-2024 06:45,101388.1,98452,0.047187845,-138.5482317,1.886004732,-140.4342364,9428.137658,10201.79977,-0.075835846
Short,21-12-2024 06:45,22-12-2024 06:00,98452,96065.3,0.0478819,114.279731,1.862771585,112.4169594,9540.554617,10201.79977,-0.064816519
Long,22-12-2024 06:00,24-12-2024 16:30,96065.3,98432.2,0.049656612,117.5322344,1.93161737,115.6006171,9656.155234,10201.79977,-0.053485125
Short,24-12-2024 16:30,26-12-2024 09:45,98432.2,95675,0.049049779,135.2400496,1.904183037,133.3358665,9789.491101,10201.79977,-0.040415287
Long,26-12-2024 09:45,28-12-2024 18:00,95675,94864.9,0.051160131,-41.44482227,1.949609256,-43.39443152,9746.096669,10201.79977,-0.044668893
Short,28-12-2024 18:00,29-12-2024 15:45,94864.9,94500,0.051368297,18.74429148,1.945470476,16.79882101,9762.89549,10201.79977,-0.04302224
Long,29-12-2024 15:45,31-12-2024 14:15,94500,95840.6,0.051655532,69.24940579,1.966428979,67.28297681,9830.178467,10201.79977,-0.036427034
Short,31-12-2024 14:15,01-01-2025 10:30,95840.6,93253.6,0.051283999,132.6717054,1.939501352,130.732204,9960.910671,10201.79977,-0.023612412
Long,01-01-2025 10:30,03-01-2025 17:15,93253.6,97843.2,0.053407647,245.1197359,2.041206081,243.0785299,10203.9892,10203.9892,0
Short,03-01-2025 17:15,05-01-2025 11:15,97843.2,97639.5,0.052144601,10.62185517,2.038673469,8.583181704,10212.57238,10212.57238,0
Long,05-01-2025 11:15,06-01-2025 17:15,97639.5,101912.7,0.052297341,223.476996,2.087209876,221.3897861,10433.96217,10433.96217,0
Short,06-01-2025 17:15,07-01-2025 12:45,101912.7,100820.4,0.051190687,55.91558695,2.075609316,53.83997764,10487.80215,10487.80215,0
Long,07-01-2025 12:45,15-01-2025 15:45,100820.4,99230.4,0.052012302,-82.69955987,2.081020517,-84.78058039,10403.02157,10487.80215,-0.008083732
Short,15-01-2025 15:45,16-01-2025 15:45,99230.4,98267.8,0.052418521,50.45806809,2.0705127,48.38755539,10451.40912,10487.80215,-0.003470034
Long,16-01-2025 15:45,17-01-2025 17:15,98267.8,104790.3,0.053178198,346.8547988,2.159652784,344.695146,10796.10427,10796.10427,0
Short,17-01-2025 17:15,20-01-2025 00:45,104790.3,100630.1,0.051512899,214.3039622,2.116360061,212.1876021,11008.29187,11008.29187,0
Long,20-01-2025 00:45,23-01-2025 17:15,100630.1,104714.2,0.054696815,223.387261,2.246335826,221.1409252,11229.43279,11229.43279,0
Short,23-01-2025 17:15,27-01-2025 02:15,104714.2,101466.9,0.053619436,174.1183961,2.21106288,171.9073333,11401.34013,11401.34013,0
Long,27-01-2025 02:15,29-01-2025 21:45,101466.9,103859.8,0.056182559,134.4392447,2.307155875,132.1320888,11533.47222,11533.47222,0
Short,29-01-2025 21:45,31-01-2025 21:00,103859.8,101567.6,0.055524237,127.2726551,2.281239912,124.9914152,11658.46363,11658.46363,0
Long,31-01-2025 21:00,03-02-2025 16:30,101567.6,98778.1,0.057392631,-160.0967449,2.299673377,-162.3964183,11496.06721,11658.46363,-0.013929487
Short,03-02-2025 16:30,04-02-2025 22:30,98778.1,96935.9,0.058191376,107.2001538,2.277773412,104.9223804,11600.98959,11658.46363,-0.004929812
Long,04-02-2025 22:30,07-02-2025 15:45,96935.9,98683.1,0.059838458,104.5497541,2.34110787,102.2086462,11703.19824,11703.19824,0
Short,07-02-2025 15:45,09-02-2025 22:30,98683.1,95696,0.059296872,177.1256855,2.305214511,174.820471,11878.01871,11878.01871,0
Long,09-02-2025 22:30,14-02-2025 18:45,95696,98306.5,0.062061208,162.0107833,2.408005899,159.6027774,12037.62149,12037.62149,0
Short,14-02-2025 18:45,16-02-2025 09:45,98306.5,97258.1,0.061224952,64.18823968,2.39468665,61.79355303,12099.41504,12099.41504,0
Long,16-02-2025 09:45,17-02-2025 15:00,97258.1,96777.6,0.062202609,-29.8883534,2.413905338,-32.30225874,12067.11278,12099.41504,-0.002669737
Short,17-02-2025 15:00,17-02-2025 17:15,96777.6,95594,0.062344555,73.79101512,2.398664354,71.39235077,12138.50513,12138.50513,0
Long,17-02-2025 17:15,21-02-2025 14:15,95594,99111.9,0.06348989,223.3510848,2.472371244,220.8787136,12359.38385,12359.38385,0
Short,21-02-2025 14:15,21-02-2025 18:45,99111.9,96806.9,0.062350655,143.7182607,2.443133117,141.2751276,12500.65897,12500.65897,0
Long,21-02-2025 18:45,02-03-2025 18:45,96806.9,92551.9,0.064564917,-274.7237229,2.44518705,-277.1689099,12223.49006,12500.65897,-0.022172344
Short,02-03-2025 18:45,03-03-2025 15:45,92551.9,90627.9,0.066035868,127.0530096,2.419287411,124.6337222,12348.12379,12500.65897,-0.012202172
Long,03-03-2025 15:45,04-03-2025 18:45,90627.9,85748.7,0.0681254,-332.3974493,2.403145268,-334.8005945,12013.32319,12500.65897,-0.038984807
Short,04-03-2025 18:45,07-03-2025 01:30,85748.7,87078,0.070049594,-93.11692492,2.421288024,-95.53821294,11917.78498,12500.65897,-0.046627462
Long,07-03-2025 01:30,14-03-2025 16:30,87078,84358.9,0.068431665,-186.0725392,2.346342488,-188.4188817,11729.3661,12500.65897,-0.061700177
Short,14-03-2025 16:30,16-03-2025 03:00,84358.9,83917.3,0.06952062,30.70030589,2.339733158,28.36057273,11757.72667,12500.65897,-0.059431451
Long,16-03-2025 03:00,17-03-2025 19:30,83917.3,84376.6,0.07005544,32.17646337,2.357980627,29.81848275,11787.54515,12500.65897,-0.057046098
Short,17-03-2025 19:30,18-03-2025 15:00,84376.6,81781.3,0.069850795,181.2837679,2.321252277,178.9625156,11966.50767,12500.65897,-0.042729852
Long,18-03-2025 15:00,23-03-2025 12:00,81781.3,84630.1,0.073161638,208.4228732,2.434986108,205.9878871,12172.49556,12500.65897,-0.02625169
Short,23-03-2025 12:00,27-03-2025 14:15,84630.1,86406.1,0.071915876,-127.7225958,2.46004363,-130.1826394,12042.31292,12500.65897,-0.036665752
Long,27-03-2025 14:15,31-03-2025 15:45,86406.1,83469.9,0.069684391,-204.6073089,2.367541122,-206.97485,11835.33807,12500.65897,-0.053222867
Short,31-03-2025 15:45,02-04-2025 06:45,83469.9,84280,0.070895844,-57.43272346,2.378554158,-59.81127762,11775.52679,12500.65897,-0.058007517
Long,02-04-2025 06:45,02-04-2025 16:30,84280,86987,0.069859556,189.1098186,2.392927322,186.7168912,11962.24368,12500.65897,-0.043070953
Short,02-04-2025 16:30,03-04-2025 13:30,86987,81934.5,0.068758801,347.4038431,2.322967967,345.0808751,12307.32456,12500.65897,-0.015465938
Long,03-04-2025 13:30,09-04-2025 19:30,81934.5,82324,0.075104654,29.25326275,2.467315564,26.78594719,12334.1105,12500.65897,-0.013323175
Short,09-04-2025 19:30,10-04-2025 17:15,82324,78700,0.074911997,271.4810776,2.412525885,269.0685517,12603.17905,12603.17905,0
Long,10-04-2025 17:15,12-04-2025 16:30,78700,84918,0.080071023,497.8816224,2.620212135,495.2614102,13098.44046,13098.44046,0
Short,12-04-2025 16:30,15-04-2025 18:45,84918,84388.1,0.077124052,40.86803506,2.611514486,38.25652057,13136.69699,13136.69699,0
Long,15-04-2025 18:45,16-04-2025 16:30,84388.1,84814,0.077835009,33.14993018,2.633969383,30.5159608,13167.21295,13167.21295,0
Short,16-04-2025 16:30,20-04-2025 08:15,84814,84738.4,0.077624053,5.868378444,2.632268914,3.236109531,13170.44906,13170.44906,0
Long,20-04-2025 08:15,21-04-2025 02:15,84738.4,87229.9,0.077712401,193.6204473,2.672813901,190.9476334,13361.39669,13361.39669,0
Short,21-04-2025 02:15,28-04-2025 02:15,87229.9,93069.1,0.076587252,-447.2082826,2.761720994,-449.9700036,12911.42669,13361.39669,-0.033676869
Long,28-04-2025 02:15,01-05-2025 11:15,93069.1,96108.3,0.069364734,210.8132988,2.624447997,208.1888508,13119.61554,13361.39669,-0.0180955
Short,01-05-2025 11:15,05-05-2025 00:45,96108.3,94633.9,0.068254331,100.6341864,2.60379627,98.03039009,13217.64593,13361.39669,-0.010758663
Long,05-05-2025 00:45,07-05-2025 00:45,94633.9,97186.6,0.069835682,178.2695459,2.679183094,175.5903628,13393.23629,13393.23629,0
Short,07-05-2025 00:45,12-05-2025 15:45,97186.6,102576,0.068904748,-371.3552468,2.752918307,-374.1081651,13019.12812,13393.23629,-0.027932619
Long,12-05-2025 15:45,18-05-2025 06:45,102576,103454.6,0.063460888,55.75673632,2.614976972,53.14175935,13072.26988,13393.23629,-0.023964813
Short,18-05-2025 06:45,23-05-2025 13:30,103454.6,108716.7,0.063178775,-332.4530342,2.680944584,-335.1339788,12737.1359,13393.23629,-0.048987442
Long,23-05-2025 13:30,24-05-2025 12:00,108716.7,109192.6,0.058579482,27.8779754,2.553002776,25.32497263,12762.46088,13393.23629,-0.047096564
Short,24-05-2025 12:00,25-05-2025 01:30,109192.6,107878.2,0.058440136,76.81371529,2.537129432,74.27658586,12836.73746,13393.23629,-0.041550736
Long,25-05-2025 01:30,26-05-2025 00:00,107878.2,109000.1,0.059496439,66.74905477,2.580697304,64.16835746,12900.90582,13393.23629,-0.036759634
Short,26-05-2025 00:00,27-05-2025 02:15,109000.1,108368.7,0.059178413,37.36524983,2.572708114,34.79254171,12935.69836,13393.23629,-0.034161865
Long,27-05-2025 02:15,05-06-2025 14:15,108368.7,104275.1,0.059683739,-244.321353,2.538275402,-246.8596284,12688.83873,13393.23629,-0.052593529
Short,05-06-2025 14:15,05-06-2025 18:00,104275.1,103225.9,0.060843091,63.83657076,2.525000433,61.31157033,12750.1503,13393.23629,-0.048015728
Long,05-06-2025 18:00,09-06-2025 12:45,103225.9,107899.9,0.061758485,288.6591569,2.607761892,286.051395,13036.2017,13393.23629,-0.026657828
Short,09-06-2025 12:45,10-06-2025 15:45,107899.9,108754.7,0.060408776,-51.63742141,2.617567824,-54.25498923,12981.94671,13393.23629,-0.030708753
Long,10-06-2025 15:45,16-06-2025 20:15,108754.7,108642,0.059684532,-6.726446738,2.595044053,-9.321490791,12972.62522,13393.23629,-0.031404738
Short,16-06-2025 20:15,19-06-2025 15:45,108642,104199.9,0.059703546,265.2091203,2.54148322,262.667637,13235.29286,13393.23629,-0.011792776
Long,19-06-2025 15:45,20-06-2025 09:00,104199.9,105938.4,0.063509144,110.4106464,2.6691407,107.7415057,13343.03436,13393.23629,-0.003748304
Short,20-06-2025 09:00,21-06-2025 21:00,105938.4,102764.1,0.062975438,199.902934,2.628626286,197.2743078,13540.30867,13540.30867,0
Long,21-06-2025 21:00,23-06-2025 19:30,102764.1,102863.9,0.065880539,6.574877828,2.709376709,3.865501119,13544.17417,13544.17417,0
Short,23-06-2025 19:30,04-07-2025 15:00,102863.9,107803.8,0.065835411,-325.2203445,2.773878903,-327.9942234,13216.17995,13544.17417,-0.024216628
Long,04-07-2025 15:00,06-07-2025 15:45,107803.8,108750,0.061297375,57.99957639,2.654835905,55.34474048,13271.52469,13544.17417,-0.020130388
Short,06-07-2025 15:45,12-07-2025 16:30,108750,117321.5,0.061018504,-523.0201097,2.758908959,-525.7790187,12745.74567,13544.17417,-0.058949958
Long,12-07-2025 16:30,13-07-2025 15:00,117321.5,118841.6,0.054319735,82.57142975,2.56566342,80.00576633,12825.75144,13544.17417,-0.053042934
Short,13-07-2025 15:00,19-07-2025 15:45,118841.6,118292.2,0.05396154,29.64646992,2.559220993,27.08724892,12852.83868,13544.17417,-0.051043015
Long,19-07-2025 15:45,20-07-2025 15:00,118292.2,118512.3,0.054326653,11.9572964,2.572959196,9.384337204,12862.22302,13544.17417,-0.050350146
Short,20-07-2025 15:00,20-07-2025 23:15,118512.3,117436.7,0.054265351,58.36781111,2.560771042,55.80704007,12918.03006,13544.17417,-0.046229774
Long,20-07-2025 23:15,22-07-2025 08:15,117436.7,117761.7,0.05499997,17.8749904,2.58718101,15.28780939,12933.31787,13544.17417,-0.045101037
Short,22-07-2025 08:15,25-07-2025 02:15,117761.7,117268.4,0.054913091,27.08862774,2.581245849,24.50738189,12957.82525,13544.17417,-0.043291596
Long,25-07-2025 02:15,26-07-2025 12:00,117268.4,117784.9,0.05524858,28.53589178,2.597272229,25.93861955,12983.76387,13544.17417,-0.041376483
Short,26-07-2025 12:00,28-07-2025 15:45,117784.9,118266.4,0.055116419,-26.5385559,2.602060486,-29.14061638,12954.62326,13544.17417,-0.043528007
Long,28-07-2025 15:45,04-08-2025 15:00,118266.4,114697.7,0.054768824,-195.4535016,2.551833951,-198.0053356,12756.61792,13544.17417,-0.058147233
Short,04-08-2025 15:00,05-08-2025 16:30,114697.7,113167.7,0.055609737,85.08289799,2.534307004,82.54859099,12839.16651,13544.17417,-0.052052466
Long,05-08-2025 16:30,06-08-2025 15:45,113167.7,115159.1,0.056726285,112.9647249,2.590426247,110.3742986,12949.54081,13544.17417,-0.043903257
Short,06-08-2025 15:45,08-08-2025 16:30,115159.1,116079,0.056224566,-51.72097816,2.600252358,-54.32123051,12895.21958,13544.17417,-0.047913928
Long,08-08-2025 16:30,09-08-2025 11:15,116079,117221.1,0.055545015,63.43796157,2.591731508,60.84623006,12956.06581,13544.17417,-0.0434215
Short,09-08-2025 11:15,12-08-2025 12:00,117221.1,118514.1,0.055263369,-71.45553613,2.605504269,-74.0610404,12882.00477,13544.17417,-0.048889611
Long,12-08-2025 12:00,13-08-2025 15:00,118514.1,120897.5,0.054347984,129.5329845,2.602307551,126.930677,13008.93545,13544.17417,-0.039518004
Short,13-08-2025 15:00,14-08-2025 14:15,120897.5,118053.5,0.053801507,153.0114866,2.571184792,150.4403018,13159.37575,13544.17417,-0.028410623
Long,14-08-2025 14:15,17-08-2025 06:00,118053.5,118032.5,0.055734797,-1.17043074,2.631641063,-3.802071803,13155.57368,13544.17417,-0.028691339
Short,17-08-2025 06:00,18-08-2025 03:45,118032.5,115179.3,0.055728607,159.0048623,2.599313763,156.4055485,13311.97922,13544.17417,-0.017143529
Long,18-08-2025 03:45,22-08-2025 16:30,115179.3,116401.5,0.057788071,70.62858087,2.676521561,67.95205931,13379.93128,13544.17417,-0.01212646
Short,22-08-2025 16:30,24-08-2025 21:00,116401.5,112730.6,0.057473191,210.9783368,2.633790589,208.3445462,13588.27583,13588.27583,0
Long,24-08-2025 21:00,26-08-2025 20:15,112730.6,111243.2,0.060268799,-89.64381219,2.699726404,-92.3435386,13495.93229,13588.27583,-0.006795825
Short,26-08-2025 20:15,29-08-2025 08:15,111243.2,110004.8,0.060659583,75.12082783,2.684162293,72.43666554,13568.36896,13588.27583,-0.001465004
Long,29-08-2025 08:15,31-08-2025 02:15,110004.8,109336,0.061671713,-41.2460418,2.705424583,-43.95146639,13524.41749,13588.27583,-0.004699517
Short,31-08-2025 02:15,01-09-2025 22:30,109336,108028.9,0.061847962,80.8414708,2.688715204,78.15275559,13602.57025,13602.57025,0
Long,01-09-2025 22:30,03-09-2025 15:45,108028.9,112283.7,0.062958015,267.8737629,2.774088802,265.0996741,13867.66992,13867.66992,0
Short,03-09-2025 15:45,04-09-2025 06:00,112283.7,110648.9,0.061752819,100.9535079,2.753343283,98.2001646,13965.87009,13965.87009,0
Long,04-09-2025 06:00,08-09-2025 11:15,110648.9,111830.4,0.063108942,74.56321529,2.80808666,71.75512863,14037.62521,14037.62521,0
Short,08-09-2025 11:15,09-09-2025 02:15,111830.4,111199.3,0.062763011,39.60973614,2.799603096,36.81013304,14074.43535,14074.43535,0
Long,09-09-2025 02:15,10-09-2025 09:00,111199.3,112320.1,0.06328473,70.92952535,2.829072974,68.10045238,14142.5358,14142.5358,0
Short,10-09-2025 09:00,13-09-2025 18:00,112320.1,115568.1,0.062956389,-204.4823512,2.86940363,-207.3517549,13935.18404,14142.5358,-0.014661568
Long,13-09-2025 18:00,16-09-2025 18:00,115568.1,116446.1,0.060289924,52.9345537,2.79762372,50.13692998,13985.32097,14142.5358,-0.011116452
Short,16-09-2025 18:00,22-09-2025 03:45,116446.1,114552.9,0.06005062,113.6878335,2.774326628,110.9135069,14096.23448,14142.5358,-0.003273905
Long,22-09-2025 03:45,27-09-2025 23:15,114552.9,109593,0.061527183,-305.1686749,2.758213161,-307.9268881,13788.30759,14142.5358,-0.025047008
Short,27-09-2025 23:15,30-09-2025 11:15,109593,112894.2,0.062906881,-207.6681952,2.799195158,-210.4673903,13577.8402,14142.5358,-0.039928879
Long,30-09-2025 11:15,01-10-2025 10:30,112894.2,116219.8,0.060135243,199.9857627,2.755565193,197.2301975,13775.0704,14142.5358,-0.025982992
Short,01-10-2025 10:30,07-10-2025 15:00,116219.8,122770,0.05926301,-388.1845698,2.832650994,-391.0172208,13384.05318,14142.5358,-0.053631303
Long,07-10-2025 15:00,08-10-2025 12:00,122770,122878.6,0.054508647,5.919639062,2.677994564,3.241644498,13387.29482,14142.5358,-0.05340209
Short,08-10-2025 12:00,10-10-2025 18:45,122878.6,117427.9,0.054473663,296.9195934,2.618075046,294.3015183,13681.59634,14142.5358,-0.032592419
Long,10-10-2025 18:45,12-10-2025 18:00,117427.9,113854.7,0.058255305,-208.1578571,2.694687697,-210.8525448,13470.7438,14142.5358,-0.047501524
Short,12-10-2025 18:00,16-10-2025 17:15,113854.7,108495.9,0.05915761,317.0137986,2.630746,314.3830526,13785.12685,14142.5358,-0.025271914
Long,16-10-2025 17:15,19-10-2025 12:00,108495.9,107789,0.063528331,-44.90817704,2.748043735,-47.65622077,13737.47063,14142.5358,-0.028641622
Short,19-10-2025 12:00,21-10-2025 03:00,107789,109506.7,0.063723899,-109.4585408,2.769385834,-112.2279266,13625.2427,14142.5358,-0.036577111
Long,21-10-2025 03:00,21-10-2025 16:30,109506.7,113702.4,0.062211914,261.0225256,2.777253046,258.2452726,13883.48798,14142.5358,-0.018316929
Short,21-10-2025 16:30,22-10-2025 22:30,113702.4,107040.7,0.061051869,406.7092332,2.695355748,404.0138775,14287.50185,14287.50185,0
Long,22-10-2025 22:30,23-10-2025 07:30,107040.7,109554.3,0.066738642,167.7542498,2.891051221,164.8631986,14452.36505,14452.36505,0
Short (End),23-10-2025 07:30,28-10-2025 05:18,109554.3,113825.9,0.065959826,-281.7539912,2.946823809,-284.700815,14167.66424,14452.36505,-0.019699254
